Workbook

Sheet Resumen
A1: Auditoría de seguridad y legal · CodeFlow
A2: 30/10/2026 · web desplegada en Vercel + Supabase, CLI y app de escritorio
A4: Severidad | B4: Corregido | C4: Pendiente (tú) | D4: Otros pendientes | E4: Aceptado | F4: Total
A5: Crítica | B5: =COUNTIFS(Hallazgos!$C:$C,$A5,Hallazgos!$F:$F,"Corregido") -> 0 | C5: =COUNTIFS(Hallazgos!$C:$C,$A5,Hallazgos!$F:$F,"Pendiente (tú)") -> 2 | D5: =COUNTIFS(Hallazgos!$C:$C,$A5,Hallazgos!$F:$F,"Pendiente (*")-C5 -> 0 | E5: =COUNTIFS(Hallazgos!$C:$C,$A5,Hallazgos!$F:$F,"Aceptado") -> 0 | F5: =COUNTIF(Hallazgos!$C:$C,$A5) -> 2
A6: Alta | B6: =COUNTIFS(Hallazgos!$C:$C,$A6,Hallazgos!$F:$F,"Corregido") -> 4 | C6: =COUNTIFS(Hallazgos!$C:$C,$A6,Hallazgos!$F:$F,"Pendiente (tú)") -> 1 | D6: =COUNTIFS(Hallazgos!$C:$C,$A6,Hallazgos!$F:$F,"Pendiente (*")-C6 -> 0 | E6: =COUNTIFS(Hallazgos!$C:$C,$A6,Hallazgos!$F:$F,"Aceptado") -> 0 | F6: =COUNTIF(Hallazgos!$C:$C,$A6) -> 5
A7: Media | B7: =COUNTIFS(Hallazgos!$C:$C,$A7,Hallazgos!$F:$F,"Corregido") -> 9 | C7: =COUNTIFS(Hallazgos!$C:$C,$A7,Hallazgos!$F:$F,"Pendiente (tú)") -> 2 | D7: =COUNTIFS(Hallazgos!$C:$C,$A7,Hallazgos!$F:$F,"Pendiente (*")-C7 -> 0 | E7: =COUNTIFS(Hallazgos!$C:$C,$A7,Hallazgos!$F:$F,"Aceptado") -> 0 | F7: =COUNTIF(Hallazgos!$C:$C,$A7) -> 11
A8: Baja | B8: =COUNTIFS(Hallazgos!$C:$C,$A8,Hallazgos!$F:$F,"Corregido") -> 2 | C8: =COUNTIFS(Hallazgos!$C:$C,$A8,Hallazgos!$F:$F,"Pendiente (tú)") -> 1 | D8: =COUNTIFS(Hallazgos!$C:$C,$A8,Hallazgos!$F:$F,"Pendiente (*")-C8 -> 1 | E8: =COUNTIFS(Hallazgos!$C:$C,$A8,Hallazgos!$F:$F,"Aceptado") -> 3 | F8: =COUNTIF(Hallazgos!$C:$C,$A8) -> 7
A9: Info | B9: =COUNTIFS(Hallazgos!$C:$C,$A9,Hallazgos!$F:$F,"Corregido") -> 1 | C9: =COUNTIFS(Hallazgos!$C:$C,$A9,Hallazgos!$F:$F,"Pendiente (tú)") -> 1 | D9: =COUNTIFS(Hallazgos!$C:$C,$A9,Hallazgos!$F:$F,"Pendiente (*")-C9 -> 1 | E9: =COUNTIFS(Hallazgos!$C:$C,$A9,Hallazgos!$F:$F,"Aceptado") -> 1 | F9: =COUNTIF(Hallazgos!$C:$C,$A9) -> 4
A10: Total | B10: =SUM(B5:B9) -> 16 | C10: =SUM(C5:C9) -> 7 | D10: =SUM(D5:D9) -> 2 | E10: =SUM(E5:E9) -> 4 | F10: =SUM(F5:F9) -> 29
A12: Lo urgente (tú): S01 cuentas de prueba en producción y S02 contraseña de Gmail. Ver hoja «Pendiente (tú)».
A13: Recuentos calculados con fórmulas a partir de la hoja «Hallazgos».

Sheet Hallazgos
A1: ID | B1: Área | C1: Severidad | D1: Hallazgo | E1: Riesgo / evidencia | F1: Estado | G1: Qué se ha hecho / qué hacer
A2: S01 | B2: Seguridad | C2: Crítica | D2: Cuentas de prueba en producción con contraseñas publicadas | E2: En /explore de producción aparece «Proyecto DAM / web-publica» (datos del DemoSeeder). El seeder usa por defecto Admin-CodeFlow-2026 / Demo-CodeFlow-2026 (están en el código público) e incluye admin@codeflow.test con permisos de administrador. | F2: Pendiente (tú) | G2: Ejecutar en Supabase el SQL de la hoja «Pendiente (tú)» y borrar o desactivar esas cuentas. Corregido en código: en producción el seeder ya no usa contraseñas por defecto.
A3: S02 | B3: Seguridad | C3: Crítica | D3: Contraseña de aplicación de Gmail expuesta en el chat | E3: Se pegó en la conversación. | F3: Pendiente (tú) | G3: Revocarla en tu cuenta de Google, crear otra y ponerla en MAIL_PASSWORD de Vercel.
A4: S03 | B4: Seguridad | C4: Alta | D4: Contraseñas en el historial de git | E4: docker.env (commit f0307d7, borrado en bfa6a1e) contiene la contraseña de MySQL local y SEED_ADMIN_PASSWORD / SEED_DEMO_PASSWORD. Si el repositorio es público se pueden leer. | F4: Pendiente (tú) | G4: No reutilizar esas contraseñas en ningún sitio (y cambiarlas si se usaron en producción). Reescribir el historial no hace falta si se cambian.
A5: S04 | B5: Seguridad | C5: Alta | D5: Cambiar el correo no pedía la contraseña | E5: Con una sesión o token robados se podía poner otro correo y quedarse la cuenta. | F5: Corregido | G5: Web y API piden la contraseña actual para cambiar el correo. Tests: EmailChangeTest.
A6: S05 | B6: Seguridad | C6: Alta | D6: La CLI y la app de escritorio no comprobaban las rutas que llegan del servidor | E6: Un servidor comprometido podría escribir fuera de la carpeta del repo (../, C:\, .codeflow). | F6: Corregido | G6: safeRel() en la CLI (test Go) y el servidor rechaza caracteres de control y la carpeta .codeflow. CLI recompilada (1.1.0).
A7: S06 | B7: Seguridad | C7: Media | D7: Faltaban cabeceras de seguridad | E7: Producción solo enviaba HSTS: la web se podía meter en un iframe (clickjacking), el Referer filtraba URLs (enlaces de restablecer contraseña, rutas de repos privados) y X-Powered-By decía PHP/8.4.27. | F7: Corregido | G7: Middleware SecurityHeaders: X-Frame-Options, CSP frame-ancestors/base-uri/form-action/object-src, nosniff, Referrer-Policy, Permissions-Policy, COOP; sin X-Powered-By.
A8: S07 | B8: Seguridad | C8: Media | D8: Cookie de sesión sin marca Secure en Vercel | E8: SESSION_SECURE_COOKIE no estaba definido. | F8: Corregido | G8: vercel.json: SESSION_SECURE_COOKIE=true.
A9: S08 | B9: Seguridad | C9: Media | D9: Tokens de las apps sin caducidad | E9: Un token robado de la CLI/escritorio servía para siempre. | F9: Corregido | G9: La tarea diaria borra los tokens sin usar en 180 días.
A10: S09 | B10: Errores | C10: Media | D10: Errores 500 con listas en la URL | E10: ?q[]=x provocaba 500 en 17 páginas (issues, actividad, código, PRs…). | F10: Corregido | G10: Responden 400. Test que recorre todas las rutas GET.
A11: S10 | B11: Errores | C11: Media | D11: Errores 500 en PostgreSQL con ids no numéricos | E11: /projects/1/invitations/abc o notificaciones con id no UUID daban error de base de datos. | F11: Corregido | G11: Patrones numéricos/UUID en las rutas. Test que recorre todas las rutas con parámetros basura (pasa en SQLite y PostgreSQL).
A12: S11 | B12: Seguridad | C12: Baja | D12: La API revelaba nombres internos en los 404 | E12: «No query results for model [App\Models\Repository]». | F12: Corregido | G12: Responde «No encontrado.».
... A16: L02 | B16: Legal | C16: Alta | D16: No se podían ejercer los derechos de acceso, portabilidad y supresión | E16: No existía exportar datos ni borrar la cuenta. | F16: Corregido | G16: Perfil › Descargar mis datos (JSON) y Borrar mi cuenta (contraseña + escribir BORRAR). API: GET /api/me/export y DELETE /api/me. Tests: AccountDataTest.
A17: L03 | B17: Legal | C17: Media | D17: No había aviso legal (LSSI art. 10) | F17: Corregido | G17: /legal/aviso-legal con titular, contacto, finalidad académica y licencias de terceros.
A18: L04 | B18: Legal | C18: Media | D18: No había política de cookies | E18: Solo se usan cookies técnicas (sesión, XSRF, recordarme): no necesitan banner, pero hay que informar. | F18: Corregido | G18: /legal/cookies.
A19: L05 | B19: Legal | C19: Media | D19: No había condiciones de uso | E19: Contenido de usuarios, repos públicos, usos prohibidos y aviso de contenido ilícito (LSSI art. 16 / DSA). | F19: Corregido | G19: /legal/terminos.
A20: L06 | B20: Legal | C20: Media | D20: El registro no informaba de privacidad ni edad mínima | E20: LOPDGDD art. 7: 14 años. | F20: Corregido | G20: Aviso con enlaces en el registro; enlaces legales en el pie (escritorio, invitados y móvil).
A21: L07 | B21: Legal | C21: Media | D21: Datos del titular y contacto | E21: Titular genérico («El equipo de CodeFlow») y sin centro, por decisión vuestra. Región de Supabase comprobada: eu-west-1 (Irlanda). | F21: Pendiente (tú) | G21: Ya puesto en el código (no hace falta tocar Vercel). Falta un correo de contacto: el RGPD exige un medio de contacto; mientras tanto el texto dice que se publicará en breve. Cuando lo tengáis: CODEFLOW_LEGAL_EMAIL en Vercel.
A22: L08 | B22: Legal | C22: Baja | D22: Contratos de encargado del tratamiento (DPA) | E22: Vercel y Supabase tratan datos por vosotros. | F22: Pendiente (tú) | G22: El DPA de Vercel va en sus términos; el de Supabase se acepta desde el panel (Settings › Legal Documents). Comprobar la región del proyecto de Supabase.
A23: L09 | B23: Legal | C23: Baja | D23: El repositorio no tiene licencia | E23: Público sin LICENSE = todos los derechos reservados. | F23: Pendiente (decisión) | G23: Decidir con Marco: añadir MIT (u otra) o dejarlo así a propósito.
A24: L10 | B24: Legal | C24: Info | D24: Android: requisitos de Google Play | E24: Play exige URL de política de privacidad y de borrado de cuenta. | F24: Pendiente (Android) | G24: Usar /legal/privacidad y /profile; mostrar los enlaces en el registro de la app.
A25: L11 | B25: Legal | C25: Info | D25: Instalador de escritorio sin firmar | E25: Windows muestra el aviso SmartScreen. No es un problema legal. | F25: Aceptado | G25: Firmar requiere un certificado de pago; se explica en Descargas.
A26: B01 | B26: Seguridad | C26: Baja | D26: Se puede saber si un correo tiene cuenta | E26: El registro avisa si el correo existe y al invitar se ve si tiene cuenta. | F26: Aceptado | G26: Normal en este tipo de plataformas (GitHub hace lo mismo).
A27: B02 | B27: Seguridad | C27: Baja | D27: Login de la API limitado por IP, no por cuenta | E27: 10 intentos/min por IP. | F27: Aceptado | G27: La web limita por correo+IP. Suficiente para el proyecto.
A28: B03 | B28: Privacidad | C28: Baja | D28: Imágenes externas en Markdown | E28: Una imagen en una issue carga desde otra web (ve la IP del lector). | F28: Aceptado | G28: Igual que GitHub sin proxy de imágenes.
A29: B04 | B29: Seguridad | C29: Info | D29: Auditoría de dependencias | E29: composer audit (111 paquetes, consultando la base de avisos de Packagist) y npm audit (web y escritorio). | F29: Corregido | G29: Solo un paquete afectado: symfony/mime (ver S13). npm: 0 vulnerabilidades.
A30: B05 | B30: Seguridad | C30: Info | D30: Clave maestra de tests en phpunit.xml | E30: Es solo para tests. | F30: Pendiente (tú) | G30: Comprobar que CODEFLOW_MASTER_KEY de Vercel NO es la de phpunit.xml.

Sheet Pendiente (tú)
A1: Paso | B1: Qué hacer | C1: Comando / dónde
A2: 1 | B2: Supabase › SQL Editor: ver las cuentas de prueba | C2: SELECT id, email, is_admin, created_at FROM users WHERE email LIKE '%@codeflow.test' ORDER BY id;
A3: 2 | B3: Si aparecen y no las necesitas: desactivarlas (no se puede entrar con ellas) | C3: UPDATE users SET is_active = false WHERE email LIKE '%@codeflow.test';
A4: 3 | B4: …o, si quieres conservar la demo, cámbiales la contraseña desde la web (Perfil › Cambiar contraseña) entrando tú con cada una, y asegúrate de que tu cuenta real es administradora | C4: UPDATE users SET is_admin = true WHERE email = 'TU_CORREO';
A5: 4 | B5: Google: revocar la contraseña de aplicación expuesta y crear otra | C5: myaccount.google.com › Seguridad › Contraseñas de aplicaciones. Ponerla en Vercel › MAIL_PASSWORD.
A6: 5 | B6: Cuando tengáis correo de contacto: Vercel › Environment Variables | C6: CODEFLOW_LEGAL_EMAIL = el correo, y Redeploy
A7: 6 | B7: Vercel: comprobar que CODEFLOW_MASTER_KEY no es la de phpunit.xml | C7: Si lo fuera, NO la cambies sin más (los repos están cifrados con ella): avísame.
A8: 7 | B8: Supabase: aceptar el DPA y anotar la región | C8: Settings › Legal Documents / General › Region
A9: 8 | B9: Actualizar symfony/mime (S13) | C9: cd backend; composer update symfony/mime --with-dependencies; php artisan test
A10: 9 | B10: Decidir la licencia del repositorio con Marco | C10: MIT o «todos los derechos reservados»
A11: 10 | B11: Commit + push de estos cambios y Redeploy en Vercel | C11: Los cambios de vercel.json (cookie segura, idioma) se aplican al desplegar.

Sheet Verificado OK
A1: Comprobación | B1: Resultado
A2: Inyección SQL | B2: Revisados los 24 usos de SQL «raw» y todos los LIKE: siempre con parámetros enlazados (?), nunca concatenando datos del usuario.
A3: XSS | B3: 4 salidas sin escapar revisadas: Markdown con HTML escapado y sin enlaces javascript:, atributos con e(). @json seguro. El JS no mete datos del usuario con innerHTML.
A4: Autorización (IDOR) | B4: Test automático que recorre TODAS las rutas con proyecto/repo/rama/commit/issue/PR como usuario ajeno (repo privado y público) y como observador: ningún acceso indebido. Queda como test permanente.
A5: CSRF | B5: Activo en todos los formularios web; la API usa tokens Bearer.
A6: Asignación masiva | B6: Ningún controlador usa $request->all(); todo pasa por validate().
A7: Límites de intentos | B7: Login, registro, restablecer contraseña, verificación, invitaciones, explorar, revert e IA.
A8: Verificación de correo | B8: Código de 6 dígitos guardado con hash, con intentos máximos y caducidad.
A9: Restablecer contraseña | B9: Respuesta neutra (no dice si el correo existe); los tokens caducan y se purgan.
A10: Invitaciones | B10: Token aleatorio guardado como SHA-256; solo se aceptan con el mismo correo y verificado.
A11: Archivos raw | B11: Se sirven con CSP sandbox: un HTML subido no se ejecuta.
A12: Subidas | B12: Límites de tamaño por archivo y de archivos por commit.
... A19: Tests | B19: 256 tests en SQLite y PostgreSQL + test de la CLI; Pint limpio.
